{
  "players": [
    {
       "player_id": 0,
       "name": "George Coomes",
      "clubs": [
    { "team_id": 1, "name": "Hertford Town FC",  "appearances": 1, "goals": 0 , "assists": 0 , "clean_sheets": 0 , "minutes": 90},
{ "team_id": 2, "name": "Dunstable Town FC",  "appearances": 1, "goals": 0 , "assists": 0 , "clean_sheets": 0 , "minutes": 90},
{ "team_id": 3, "name": "Letchworth Garden city Eagles",  "appearances": 13, "goals": 0 , "assists": 0 , "clean_sheets": 2 , "minutes": 1170},
{ "team_id": 4, "name": "Hertford Town U19",  "appearances": 7, "goals": 1 , "assists": 0 , "clean_sheets": 3 , "minutes": 630}

  ]

    }
  ]
 
  
  
}







